error_deg_x_mean,error_deg_x_std,error_deg_y_mean,error_deg_y_std,error_deg_z_mean,error_deg_z_std,error_deg_xyz_mean,error_deg_xyz_std
0.39852071285459273,0.07579230911113678,0.12715636021358878,0.01717509182731457,0.257952809221558,0.03206103910962995,0.5379150234374392,0.07646497330181463
