error_deg_x_mean,error_deg_x_std,error_deg_y_mean,error_deg_y_std,error_deg_z_mean,error_deg_z_std,error_deg_xyz_mean,error_deg_xyz_std
0.5143646830552003,0.17830937444555955,0.14244445892748597,0.04001807489474734,0.4889412012393714,0.23742727017810253,0.799469104351533,0.28474556177259935
