error_deg_x_mean,error_deg_x_std,error_deg_y_mean,error_deg_y_std,error_deg_z_mean,error_deg_z_std,error_deg_xyz_mean,error_deg_xyz_std
0.3988846957775019,0.07587244350502421,0.12721265906797727,0.017158647410717313,0.259445648477842,0.03324157115444337,0.5387808931088172,0.07684425331348742
