error_deg_x_mean,error_deg_x_std,error_deg_y_mean,error_deg_y_std,error_deg_z_mean,error_deg_z_std,error_deg_xyz_mean,error_deg_xyz_std
0.1589228286243252,0.044240773271585855,0.04224530464079961,0.00739786393177642,0.11138631905614194,0.03281697054189541,0.21792427750826696,0.05173701682411015
